Age,EmployeeNumber,Gender,JobLevel,MaritalStatus,MonthlyIncome,TotalWorkingYears
41,1,Female,2,Single,5993,8
49,2,Male,2,Married,5130,10
37,4,Male,1,Single,2090,7
33,5,Female,1,Married,2909,8
27,7,Male,1,Married,3468,6
32,8,Male,1,Single,3068,8
59,10,Female,1,Married,2670,12
30,11,Male,1,Divorced,2693,1
38,12,Male,3,Single,9526,10
36,13,Male,2,Married,5237,17
35,14,Male,1,Married,2426,6
29,15,Female,2,Single,4193,10
31,16,Male,1,Divorced,2911,5
34,18,Male,1,Divorced,2661,3
28,19,Male,1,Single,2028,6
29,20,Female,3,Divorced,9980,10
32,21,Male,1,Divorced,3298,7
22,22,Male,1,Divorced,2935,1
53,23,Female,4,Married,15427,31
38,24,Male,1,Single,3944,6
24,26,Female,2,Divorced,4011,5
36,27,Male,1,Single,3407,10
34,28,Female,3,Single,11994,13
21,30,Male,1,Single,1232,0
34,31,Male,1,Single,2960,8
53,32,Female,5,Divorced,19094,26
32,33,Female,1,Single,3919,10
42,35,Male,2,Married,6825,10
44,36,Female,3,Married,10248,24
46,38,Female,5,Single,18947,22
33,39,Male,1,Single,2496,7
44,40,Male,2,Married,6465,9
30,41,Male,1,Single,2206,10
39,42,Male,2,Married,2086,19
24,45,Male,1,Married,2293,6
43,46,Female,1,Divorced,2645,6
50,47,Male,1,Married,2683,3
35,49,Female,1,Married,2014,2
36,51,Female,1,Married,3419,6
33,52,Female,2,Married,5376,10
35,53,Male,1,Divorced,1951,1
27,54,Female,1,Divorced,2341,1
26,55,Male,1,Single,2293,1
27,56,Male,3,Single,8726,9
30,57,Female,2,Single,4011,12
41,58,Female,5,Married,19545,23
34,60,Male,2,Single,4568,10
37,61,Male,1,Married,3022,8
46,62,Male,2,Single,5772,14
35,63,Male,1,Married,2269,1
48,64,Male,3,Single,5381,23
28,65,Male,1,Single,3441,2
44,68,Female,2,Divorced,5454,9
35,70,Male,3,Married,9884,10
26,72,Female,2,Married,4157,5
33,73,Female,3,Single,13458,15
35,74,Male,3,Married,9069,9
35,75,Female,1,Married,4014,4
31,76,Male,2,Divorced,5915,10
37,77,Male,2,Divorced,5993,7
32,78,Male,2,Married,6162,9
38,79,Female,2,Single,2406,10
50,80,Female,5,Divorced,18740,29
59,81,Female,3,Single,7637,28
36,83,Female,3,Divorced,10096,17
55,84,Female,4,Divorced,14756,21
36,85,Male,2,Single,6499,6
45,86,Male,3,Divorced,9724,25
35,88,Male,1,Married,2194,5
36,90,Male,1,Married,3388,2
59,91,Female,2,Single,5473,20
29,94,Male,1,Married,2703,6
31,95,Male,1,Single,2501,1
32,96,Male,2,Married,6220,10
36,97,Female,1,Married,3038,5
31,98,Female,2,Single,4424,11
35,100,Male,2,Single,4312,16
45,101,Male,3,Married,13245,17
37,102,Male,3,Single,13664,16
46,103,Male,2,Divorced,5021,16
30,104,Male,2,Married,5126,10
35,105,Male,1,Single,2859,6
55,106,Male,3,Married,10239,24
38,107,Female,2,Divorced,5329,17
34,110,Male,2,Married,4325,5
56,112,Male,3,Single,7260,37
23,113,Male,1,Divorced,2322,3
51,116,Male,1,Married,2075,10
30,117,Male,2,Married,4152,11
46,118,Male,3,Single,9619,9
40,119,Male,4,Married,13503,22
51,120,Male,2,Single,5441,11
30,121,Female,2,Divorced,5209,11
46,124,Male,3,Married,10673,21
32,125,Male,2,Single,5010,12
54,126,Female,3,Married,13549,16
24,128,Female,2,Married,4999,4
28,129,Male,2,Married,4221,5
58,131,Male,4,Single,13872,38
44,132,Male,2,Married,2042,17
37,133,Male,1,Divorced,2073,7
32,134,Male,1,Single,2956,1
20,137,Female,1,Single,2926,1
34,138,Female,2,Single,4809,16
37,139,Male,2,Divorced,5163,17
59,140,Female,5,Married,18844,30
50,141,Female,5,Married,18172,28
25,142,Male,2,Single,5744,6
25,143,Male,1,Married,2889,2
22,144,Female,1,Single,2871,1
51,145,Female,3,Single,7484,23
34,147,Male,2,Single,6074,9
54,148,Female,4,Single,17328,23
24,150,Male,1,Married,2774,6
34,151,Female,2,Divorced,4505,12
37,152,Male,3,Single,7428,12
34,153,Female,3,Single,11631,14
36,154,Female,3,Married,9738,10
36,155,Female,1,Divorced,2835,7
43,158,Male,4,Married,16959,25
30,159,Male,1,Divorced,2613,10
33,160,Male,2,Married,6146,8
56,161,Female,1,Married,4963,7
51,162,Male,5,Single,19537,23
31,163,Male,2,Married,6172,12
26,164,Female,1,Married,2368,5
58,165,Female,3,Married,10312,40
19,167,Male,1,Single,1675,0
22,169,Male,1,Married,2523,3
49,170,Female,2,Married,6567,16
43,171,Female,1,Single,4739,18
50,174,Female,3,Single,9208,16
31,175,Female,2,Married,4559,4
41,176,Male,3,Divorced,8189,12
26,177,Female,1,Married,2942,8
36,178,Male,2,Divorced,4941,7
51,179,Male,3,Single,10650,18
39,182,Female,2,Married,5902,17
25,183,Male,2,Married,8639,6
30,184,Male,2,Married,6347,12
32,190,Female,1,Single,4200,10
45,192,Male,1,Single,3452,9
38,193,Female,2,Single,4317,19
30,194,Female,1,Single,2632,5
32,195,Male,2,Divorced,4668,9
30,197,Female,1,Divorced,3204,8
30,198,Male,1,Single,2720,6
41,199,Male,4,Divorced,17181,21
41,200,Male,1,Married,2238,7
19,201,Female,1,Single,1483,1
40,202,Female,2,Divorced,5605,20
35,204,Male,3,Married,7295,10
53,205,Male,2,Married,2306,13
45,206,Male,2,Divorced,2348,20
32,207,Female,3,Single,8998,9
29,208,Male,2,Married,4319,10
51,211,Male,2,Married,6132,10
58,214,Female,1,Married,3346,9
40,215,Male,3,Married,10855,15
34,216,Female,1,Married,2231,6
22,217,Male,1,Married,2323,2
27,218,Male,1,Divorced,2024,6
28,221,Male,1,Married,2713,5
57,223,Male,3,Divorced,9439,12
27,224,Male,1,Divorced,2566,1
50,226,Female,5,Single,19926,21
41,227,Male,1,Divorced,2451,13
30,228,Female,3,Married,9419,12
38,230,Female,2,Single,8686,12
32,231,Male,1,Single,3038,8
27,233,Male,1,Married,3058,6
19,235,Female,1,Single,2325,1
36,238,Male,1,Single,2088,13
30,239,Male,2,Divorced,3072,12
45,240,Female,2,Divorced,5006,9
56,241,Female,1,Divorced,4257,19
33,242,Male,1,Single,2500,4
19,243,Male,1,Single,1102,1
46,244,Female,3,Divorced,10453,24
38,245,Female,1,Single,2288,2
31,246,Female,1,Married,3929,7
34,247,Female,1,Single,2311,9
41,248,Female,1,Single,3140,4
50,249,Male,1,Married,3690,5
53,250,Female,2,Divorced,4450,5
33,252,Female,1,Married,2756,8
40,253,Female,5,Married,19033,21
55,254,Male,5,Single,18722,36
34,256,Male,2,Married,9547,10
51,258,Female,4,Single,13734,21
52,259,Male,5,Married,19999,34
27,260,Female,1,Single,2279,7
35,261,Male,2,Married,5916,8
43,262,Male,1,Divorced,2089,7
45,264,Male,4,Married,16792,22
37,267,Male,1,Married,3564,8
35,269,Female,2,Single,4425,10
42,270,Female,2,Divorced,5265,11
38,271,Male,2,Married,6553,14
38,273,Male,2,Married,6261,9
27,274,Male,2,Married,4298,6
49,275,Male,2,Divorced,6804,7
34,277,Male,1,Divorced,3815,5
40,281,Male,2,Married,2741,15
38,282,Male,2,Married,6673,17
29,283,Female,3,Married,7639,10
22,284,Male,1,Divorced,2328,4
36,286,Female,1,Single,2153,8
40,287,Male,2,Married,4876,5
46,288,Male,3,Divorced,9396,17
32,291,Male,3,Married,10400,14
30,292,Male,3,Single,8474,12
27,293,Female,2,Single,9981,7
51,296,Male,3,Married,12490,16
30,297,Female,1,Single,2657,8
41,298,Female,3,Single,13591,16
30,299,Female,2,Single,6696,9
29,300,Male,1,Single,2058,7
45,302,Female,3,Single,8865,23
54,303,Female,2,Married,5940,16
36,304,Male,2,Single,5914,16
33,305,Female,1,Married,2622,7
37,306,Male,3,Divorced,12185,10
38,307,Male,3,Divorced,10609,17
31,308,Male,2,Married,4345,6
59,309,Male,1,Married,2177,7
37,311,Male,1,Divorced,2793,13
29,312,Female,3,Married,7918,11
35,314,Female,3,Single,8789,10
29,315,Male,1,Single,2389,4
52,316,Female,1,Single,3212,6
42,319,Male,5,Married,19232,22
59,321,Male,1,Married,2267,7
50,323,Female,5,Divorced,19517,32
33,325,Male,1,Married,2436,8
43,327,Female,4,Married,16064,22
33,328,Female,1,Married,2707,13
52,329,Male,5,Single,19068,33
32,330,Female,1,Married,3931,6
32,331,Male,1,Single,3730,4
39,332,Female,1,Divorced,2232,7
32,333,Male,2,Married,4465,4
41,334,Male,2,Divorced,3072,17
40,335,Male,2,Divorced,3319,9
45,336,Male,5,Married,19202,25
31,337,Male,3,Divorced,13675,9
33,338,Female,1,Married,2911,2
34,339,Male,2,Married,5957,13
37,340,Female,1,Married,3920,17
45,341,Male,2,Married,6434,9
37,342,Male,3,Divorced,10048,17
39,343,Female,3,Single,10938,20
29,346,Male,1,Single,2340,6
42,347,Female,2,Single,6545,10
29,349,Male,2,Divorced,6931,10
25,350,Female,2,Married,4898,5
42,351,Female,1,Divorced,2593,10
40,352,Male,5,Divorced,19436,22
51,353,Male,1,Married,2723,1
31,355,Male,1,Single,3479,6
32,359,Male,1,Married,2794,5
38,361,Male,2,Married,5249,13
32,362,Male,2,Single,2176,9
46,363,Female,4,Married,16872,28
28,364,Male,1,Single,3485,5
29,366,Male,2,Married,6644,10
31,367,Male,2,Married,5582,10
25,369,Male,2,Divorced,4000,6
45,372,Male,4,Married,13496,21
36,373,Male,1,Married,3210,16
55,374,Male,5,Single,19045,37
47,376,Male,3,Married,11849,10
28,377,Male,1,Married,2070,5
37,378,Male,2,Married,6502,7
21,379,Male,1,Single,3230,3
37,380,Female,3,Divorced,13603,15
35,381,Female,3,Divorced,11996,10
38,382,Female,2,Divorced,5605,8
26,384,Female,2,Divorced,6397,6
50,385,Male,5,Divorced,19144,28
53,386,Male,4,Married,17584,21
42,387,Male,2,Married,4907,20
29,388,Male,2,Single,4554,10
55,389,Male,2,Married,5415,12
26,390,Male,2,Married,4741,5
37,391,Female,1,Single,2115,17
44,392,Male,1,Divorced,3161,19
38,393,Male,2,Divorced,5745,10
26,394,Male,1,Divorced,2373,5
28,395,Female,1,Single,3310,5
49,396,Female,5,Single,18665,22
36,397,Male,2,Single,4485,10
31,399,Female,1,Divorced,2789,2
26,401,Male,2,Single,5828,8
37,403,Male,1,Married,2326,4
42,404,Female,4,Married,13525,23
18,405,Male,1,Single,1420,0
35,406,Male,3,Married,8020,12
36,407,Male,1,Married,3688,4
51,408,Male,2,Divorced,5482,13
41,410,Male,4,Single,16015,22
18,411,Female,1,Single,1200,0
28,412,Male,2,Single,5661,9
31,416,Male,2,Married,6929,10
39,417,Male,3,Divorced,9613,19
36,419,Female,2,Married,5674,11
32,420,Male,2,Married,5484,13
38,421,Female,3,Married,12061,19
58,422,Male,2,Divorced,5660,12
31,423,Male,1,Married,4821,6
31,424,Male,2,Married,6410,9
45,425,Male,3,Divorced,5210,24
31,426,Male,1,Divorced,2695,3
33,428,Female,3,Married,11878,12
39,429,Male,4,Married,17068,21
43,430,Female,1,Single,2455,9
49,431,Female,4,Single,13964,25
52,433,Male,2,Married,4941,11
27,434,Female,1,Single,2478,4
32,436,Female,2,Married,5228,13
27,437,Male,2,Single,4478,5
31,438,Male,2,Divorced,7547,13
32,439,Female,2,Single,5055,10
28,440,Male,1,Married,3464,5
30,441,Female,2,Married,5775,11
31,442,Female,3,Married,8943,10
39,444,Male,5,Married,19272,21
39,445,Female,2,Married,5238,12
33,446,Male,2,Single,4682,9
47,447,Male,5,Married,18300,21
43,448,Female,2,Divorced,5257,9
27,449,Male,2,Married,6349,6
54,450,Female,2,Single,4869,20
43,451,Female,3,Married,9985,10
45,452,Male,2,Married,3697,12
40,453,Male,2,Married,7457,6
29,454,Male,1,Married,2119,7
29,455,Male,1,Single,3983,4
30,456,Female,2,Divorced,6118,10
27,458,Female,2,Married,6214,8
37,460,Male,2,Divorced,6347,8
38,461,Male,3,Divorced,11510,12
31,462,Female,3,Single,7143,11
29,463,Female,2,Divorced,8268,7
35,464,Male,3,Single,8095,17
23,465,Male,1,Divorced,2904,4
41,466,Male,2,Single,6032,8
47,467,Male,2,Single,2976,5
42,468,Female,4,Single,15992,16
29,469,Male,2,Married,4649,4
42,470,Male,1,Divorced,2696,4
32,471,Female,1,Married,2370,8
48,473,Female,3,Married,12504,15
37,474,Male,2,Divorced,5974,13
30,475,Female,2,Married,4736,4
26,476,Male,2,Married,5296,8
42,477,Male,2,Single,6781,14
21,478,Female,1,Single,2174,3
36,479,Female,2,Single,6653,7
36,481,Male,3,Married,9699,16
57,482,Male,2,Married,6755,15
40,483,Female,1,Married,2213,10
21,484,Male,1,Single,2610,3
33,485,Female,1,Single,2851,1
37,486,Female,1,Married,3452,17
46,487,Female,2,Married,5258,7
41,488,Male,2,Single,9355,8
50,491,Male,3,Single,10496,20
40,492,Male,2,Married,6380,8
31,493,Male,1,Single,2657,3
21,494,Female,1,Single,2716,1
29,495,Male,1,Single,2201,6
35,496,Male,2,Single,6540,10
27,497,Male,1,Divorced,3816,5
28,498,Male,2,Single,5253,7
49,499,Male,3,Single,10965,26
51,500,Female,2,Married,4936,18
36,501,Female,1,Married,2543,6
34,502,Male,2,Single,5304,9
55,505,Female,4,Single,16659,30
24,507,Female,2,Divorced,4260,5
30,508,Male,1,Married,2476,1
26,510,Male,1,Single,3102,7
22,511,Female,1,Married,2244,2
36,513,Male,3,Married,7596,10
30,514,Male,1,Single,2285,3
37,515,Female,1,Divorced,3034,18
40,516,Female,2,Divorced,5715,8
42,517,Female,1,Divorced,2576,8
37,518,Male,2,Single,4197,18
43,520,Male,4,Divorced,14336,25
40,521,Female,2,Married,3448,20
54,522,Male,5,Married,19406,24
34,523,Female,2,Married,6538,6
31,524,Female,2,Married,4306,13
43,525,Male,1,Married,2258,8
43,526,Female,2,Divorced,4522,8
25,527,Female,2,Single,4487,5
37,529,Female,2,Married,4449,15
31,530,Male,1,Married,2218,4
39,531,Male,5,Divorced,19197,21
56,532,Female,4,Married,13212,36
30,533,Female,2,Single,6577,6
41,534,Male,3,Married,8392,10
28,536,Male,2,Divorced,4558,10
25,538,Male,1,Married,4031,6
52,543,Male,3,Married,7969,28
45,544,Male,1,Married,2654,8
52,546,Female,4,Married,16555,31
42,547,Female,2,Divorced,4556,19
30,548,Female,2,Single,6091,11
60,549,Female,5,Married,19566,33
46,550,Female,2,Divorced,4810,19
42,551,Female,2,Married,4523,7
24,554,Female,1,Single,3202,6
34,555,Female,1,Divorced,2351,3
38,556,Male,1,Married,1702,1
40,558,Female,5,Married,18041,21
26,560,Female,1,Divorced,2886,3
30,562,Male,1,Married,2097,9
29,564,Male,3,Married,11935,10
29,565,Female,1,Married,2546,6
19,566,Male,1,Single,2564,1
30,567,Female,3,Married,8412,10
57,568,Male,4,Divorced,14118,32
50,569,Male,4,Married,17046,28
30,571,Female,1,Single,2564,12
60,573,Female,3,Married,10266,22
47,574,Female,2,Divorced,5070,20
46,575,Male,4,Married,17861,26
35,577,Male,1,Single,4230,6
54,578,Female,2,Single,3780,19
34,579,Male,1,Divorced,2768,14
46,580,Female,3,Married,9071,15
31,581,Male,3,Divorced,10648,13
33,582,Male,3,Married,13610,15
33,584,Male,1,Divorced,3408,8
30,585,Male,1,Single,2983,4
35,586,Male,3,Married,7632,10
31,587,Male,3,Married,9824,12
34,590,Female,3,Divorced,9950,11
42,591,Male,1,Married,2093,8
36,592,Male,3,Single,9980,10
22,593,Male,1,Single,3894,4
48,595,Female,2,Married,4051,14
55,597,Female,4,Single,16835,37
41,599,Male,2,Single,6230,16
35,600,Male,2,Married,4717,15
40,601,Female,4,Single,13237,22
39,602,Female,1,Married,3755,8
31,604,Male,2,Single,6582,10
42,605,Male,3,Married,7406,10
45,606,Male,2,Married,4805,9
26,608,Female,1,Divorced,2741,8
29,611,Male,2,Divorced,4262,8
33,612,Female,4,Divorced,16184,10
31,613,Male,3,Divorced,11557,10
18,614,Male,1,Single,1878,0
40,615,Male,3,Divorced,10932,20
41,616,Female,2,Single,6811,10
26,618,Male,2,Divorced,4306,8
35,620,Female,2,Single,4859,5
34,621,Male,2,Single,5337,10
26,622,Male,1,Single,2340,1
37,623,Female,3,Single,7491,12
46,624,Female,3,Married,10527,28
41,625,Female,4,Married,16595,22
37,626,Male,3,Divorced,8834,9
52,630,Male,2,Divorced,5577,18
32,631,Male,2,Married,4707,6
24,632,Male,1,Married,2400,3
38,634,Female,2,Married,9824,18
37,635,Female,2,Married,6447,8
49,638,Male,5,Divorced,19502,31
24,639,Male,1,Married,2725,6
26,641,Male,2,Married,6272,6
24,643,Male,1,Married,2127,1
50,644,Male,5,Married,18200,32
25,645,Male,1,Married,2096,7
24,647,Female,1,Married,2886,6
30,648,Male,1,Married,2033,1
34,649,Male,1,Married,3622,6
31,650,Male,2,Divorced,4233,9
35,652,Male,2,Single,3681,9
31,653,Male,2,Divorced,5460,13
27,655,Female,1,Divorced,2187,6
37,656,Male,2,Married,9602,17
20,657,Female,1,Single,2836,1
42,659,Female,2,Married,4089,10
43,661,Male,4,Divorced,16627,21
38,662,Female,1,Single,2619,8
43,663,Male,2,Divorced,5679,10
48,664,Female,4,Married,15402,21
44,665,Female,2,Single,5985,10
34,666,Female,1,Divorced,2579,8
27,667,Male,1,Divorced,3041,5
21,669,Male,1,Single,3447,3
44,671,Male,5,Married,19513,26
22,675,Male,1,Married,2773,3
33,677,Male,2,Divorced,7104,6
32,679,Female,2,Married,6322,6
30,680,Female,1,Divorced,2083,1
53,682,Female,2,Single,8381,18
34,683,Male,1,Married,2691,10
45,684,Female,2,Married,4286,5
26,686,Female,1,Married,2659,3
37,689,Male,3,Married,9434,10
29,690,Female,2,Married,5561,6
35,691,Male,2,Single,6646,17
33,692,Male,2,Divorced,7725,15
54,698,Male,3,Married,10725,16
36,699,Male,2,Divorced,8847,13
27,700,Male,1,Single,2045,5
20,701,Male,1,Single,1009,1
33,702,Male,1,Single,3348,10
35,704,Male,1,Married,1281,1
23,705,Male,1,Married,2819,5
25,707,Male,2,Married,4851,4
38,709,Female,2,Single,4028,8
29,710,Male,1,Divorced,2720,10
48,712,Male,2,Married,8120,12
27,714,Female,2,Divorced,4647,6
37,715,Male,1,Single,4680,4
50,716,Male,1,Married,3221,20
34,717,Female,3,Single,8621,9
24,720,Female,2,Single,4577,4
39,721,Female,2,Single,4553,20
32,722,Male,2,Single,5396,10
50,723,Male,2,Married,6796,18
38,724,Female,2,Single,7625,10
27,725,Female,3,Married,7412,9
32,727,Female,3,Single,11159,10
47,728,Male,2,Single,4960,20
40,729,Male,3,Married,10475,20
53,730,Male,4,Married,14814,32
41,731,Male,5,Divorced,19141,23
60,732,Male,2,Single,5405,10
27,733,Male,3,Divorced,8793,9
41,734,Male,5,Married,19189,22
50,738,Male,1,Married,3875,4
28,741,Female,1,Single,2216,10
36,742,Female,3,Married,11713,10
38,743,Female,3,Single,7861,10
44,744,Male,1,Single,3708,9
47,746,Female,4,Divorced,13770,28
30,747,Male,2,Divorced,5304,10
29,749,Male,1,Single,2642,1
42,752,Male,1,Divorced,2759,7
43,754,Male,2,Married,6804,7
34,757,Female,2,Single,6142,10
23,758,Male,1,Married,2500,5
39,760,Female,2,Married,6389,12
56,762,Male,4,Married,11103,30
40,763,Female,1,Single,2342,5
27,764,Female,2,Single,6811,9
29,766,Male,1,Divorced,2297,2
53,769,Male,2,Single,2450,19
35,771,Female,2,Divorced,5093,16
32,772,Male,2,Married,5309,10
38,773,Male,1,Married,3057,6
34,775,Female,2,Divorced,5121,7
52,776,Male,4,Married,16856,34
33,780,Male,1,Single,2686,10
25,781,Female,2,Single,6180,6
45,783,Male,2,Single,6632,9
23,784,Male,1,Single,3505,2
47,785,Female,2,Single,6397,8
34,786,Male,2,Single,6274,6
55,787,Male,5,Married,19859,24
36,789,Male,3,Single,7587,10
52,791,Male,1,Married,4258,5
26,792,Female,1,Divorced,4364,5
29,793,Female,2,Married,4335,11
26,796,Male,2,Single,5326,6
34,797,Female,1,Single,3280,10
54,799,Female,2,Divorced,5485,9
27,800,Male,2,Married,4342,5
37,802,Female,1,Divorced,2782,6
38,803,Female,2,Single,5980,17
34,804,Female,1,Single,4381,6
35,805,Female,1,Married,2572,3
30,806,Male,1,Married,3833,7
40,807,Female,2,Married,4244,8
34,808,Female,2,Married,6500,6
42,809,Male,5,Divorced,18430,24
23,811,Male,1,Married,1601,1
24,812,Male,1,Divorced,2694,1
52,813,Female,2,Married,3149,9
50,815,Male,4,Married,17639,30
29,816,Female,1,Married,2319,1
33,817,Male,3,Married,11691,14
33,819,Female,2,Single,5324,6
47,820,Female,4,Married,16752,26
36,823,Female,2,Married,5228,10
29,824,Male,1,Married,2700,10
58,825,Male,5,Single,19246,40
35,826,Female,1,Single,2506,7
42,827,Female,2,Married,6062,8
28,828,Male,1,Single,4382,5
36,829,Male,1,Married,2143,8
32,830,Female,2,Married,6162,14
40,832,Male,2,Single,5094,10
30,833,Female,2,Single,6877,12
45,834,Female,1,Single,2274,1
42,836,Male,2,Married,4434,10
38,837,Male,2,Divorced,6288,13
34,838,Female,1,Single,2553,6
49,840,Female,3,Married,7654,9
55,842,Male,2,Single,5160,12
43,843,Male,4,Married,17159,22
27,844,Male,3,Divorced,12808,9
35,845,Male,3,Single,10221,17
28,846,Female,2,Married,4779,8
34,847,Male,1,Married,3737,4
26,848,Female,1,Married,2366,8
27,850,Male,1,Married,1706,0
51,851,Female,4,Married,16307,29
44,852,Male,2,Single,5933,10
25,854,Male,1,Single,3424,6
33,855,Male,2,Divorced,4037,9
35,856,Female,1,Single,2559,6
36,857,Male,2,Married,6201,18
32,859,Male,2,Divorced,4403,8
30,861,Male,1,Divorced,3761,10
53,862,Female,3,Married,10934,35
45,864,Male,3,Divorced,10761,18
32,865,Female,2,Married,5175,9
52,867,Female,4,Married,13826,31
37,868,Male,2,Divorced,6334,9
28,869,Male,1,Divorced,4936,6
22,872,Male,2,Married,4775,4
44,874,Male,1,Married,2818,10
42,875,Male,1,Single,2515,8
36,878,Male,1,Married,2342,6
25,879,Male,2,Married,4194,5
35,880,Female,3,Married,10685,17
35,881,Female,1,Divorced,2022,10
32,882,Male,1,Divorced,2314,4
25,885,Male,2,Married,4256,5
49,887,Female,1,Married,3580,7
24,888,Male,1,Married,3162,6
32,889,Male,2,Married,6524,10
38,893,Male,1,Married,2899,3
42,894,Female,2,Married,5231,17
31,895,Male,1,Married,2356,8
29,896,Female,1,Divorced,2800,5
53,897,Male,4,Married,11836,28
35,899,Male,3,Married,10903,16
37,900,Female,1,Married,2973,10
53,901,Female,4,Single,14275,33
43,902,Female,2,Married,5562,12
47,903,Female,2,Married,4537,8
37,904,Male,3,Single,7642,10
50,905,Male,4,Divorced,17924,31
39,909,Female,2,Married,5204,13
33,910,Male,1,Divorced,2277,7
32,911,Male,1,Single,2795,1
29,912,Female,1,Divorced,2532,8
44,913,Male,1,Married,2559,8
28,916,Male,2,Single,4908,4
58,918,Male,1,Divorced,2380,3
43,920,Female,2,Divorced,4765,4
20,922,Female,1,Single,2044,2
21,923,Female,1,Single,2693,1
36,924,Male,2,Married,6586,17
47,925,Female,1,Single,3294,3
22,926,Female,2,Married,4171,4
41,927,Female,1,Divorced,2778,10
28,930,Female,1,Divorced,2377,6
39,932,Male,1,Married,2404,8
27,933,Female,1,Single,2318,1
34,934,Male,1,Divorced,2008,1
42,936,Female,2,Single,6244,10
33,939,Male,1,Single,2799,6
58,940,Female,3,Divorced,10552,24
31,941,Male,1,Married,2329,13
35,942,Female,2,Married,4014,10
49,944,Female,3,Married,7403,29
48,945,Male,1,Married,2259,13
31,947,Female,2,Married,6932,9
36,949,Male,1,Single,4678,8
38,950,Female,3,Married,13582,15
32,951,Female,1,Married,2332,5
25,952,Male,1,Married,2413,1
40,954,Male,3,Divorced,9705,11
26,956,Male,2,Single,4294,7
41,957,Male,1,Single,4721,20
36,958,Male,1,Single,2519,16
19,959,Male,1,Single,2121,1
20,960,Male,1,Single,2973,1
31,961,Female,2,Married,5855,10
40,964,Male,1,Divorced,3617,3
32,966,Female,2,Married,6725,8
36,967,Male,3,Married,10325,16
33,969,Female,2,Single,6949,6
37,970,Male,3,Married,10609,17
45,972,Male,2,Married,4447,9
29,974,Female,1,Married,2157,3
35,975,Female,2,Married,4601,5
52,976,Male,4,Married,17099,26
58,977,Male,1,Single,2479,7
53,981,Male,4,Divorced,14852,22
30,982,Male,3,Divorced,7264,10
38,983,Female,2,Single,5666,6
35,984,Male,3,Divorced,7823,12
39,985,Male,3,Single,7880,9
40,986,Female,4,Single,13194,22
47,987,Male,2,Divorced,5067,20
36,990,Male,2,Divorced,5079,12
31,991,Male,1,Single,2321,4
33,992,Male,4,Single,17444,10
29,994,Female,1,Single,2404,3
33,995,Female,1,Single,3452,5
45,996,Female,1,Divorced,2270,8
50,997,Male,4,Divorced,17399,32
33,998,Female,2,Married,5488,6
41,999,Male,5,Divorced,19419,21
27,1001,Female,1,Married,2811,4
45,1002,Male,2,Married,3633,9
47,1003,Female,2,Single,4163,9
30,1004,Female,1,Married,2132,7
50,1005,Male,4,Married,13973,22
38,1006,Male,1,Married,2684,3
46,1007,Male,3,Divorced,10845,13
24,1009,Female,2,Divorced,4377,5
35,1010,Male,1,Divorced,3743,5
31,1011,Female,2,Married,4148,4
18,1012,Male,1,Single,1051,0
54,1013,Female,3,Married,10739,22
35,1014,Female,3,Divorced,10388,16
30,1015,Female,3,Married,11416,9
20,1016,Female,1,Single,2600,1
30,1017,Female,1,Single,2422,4
26,1018,Male,2,Married,5472,8
22,1019,Male,1,Married,2451,4
48,1022,Male,2,Single,4240,19
48,1024,Male,3,Single,10999,27
41,1025,Female,2,Single,5003,8
39,1026,Female,4,Married,12742,21
27,1027,Female,2,Married,4227,4
35,1028,Male,1,Divorced,3917,3
42,1029,Male,5,Married,18303,21
50,1030,Male,1,Married,2380,8
59,1032,Female,4,Single,13726,30
37,1033,Female,2,Married,4777,15
55,1034,Male,2,Married,6385,17
41,1035,Female,5,Divorced,19973,21
38,1036,Male,2,Single,6861,19
26,1037,Male,2,Single,4969,7
52,1038,Female,5,Married,19845,33
44,1039,Female,4,Married,13320,23
50,1040,Female,2,Married,6347,19
36,1042,Female,1,Single,2743,18
39,1043,Female,3,Single,10880,21
33,1044,Female,1,Single,2342,3
45,1045,Female,4,Married,17650,26
32,1046,Female,1,Single,4025,10
34,1047,Male,2,Divorced,9725,16
59,1048,Male,3,Married,11904,14
45,1049,Male,1,Single,2177,6
53,1050,Female,3,Married,7525,30
36,1052,Male,2,Divorced,4834,9
26,1053,Male,1,Married,2042,6
34,1055,Female,1,Married,2220,1
28,1056,Male,1,Married,1052,1
38,1060,Male,1,Married,2821,8
50,1061,Male,5,Married,19237,29
37,1062,Female,2,Single,4107,8
40,1066,Male,2,Married,8396,8
26,1068,Female,1,Divorced,2007,5
46,1069,Male,5,Divorced,19627,23
54,1070,Female,3,Married,10686,13
56,1071,Female,1,Married,2942,18
36,1073,Female,3,Single,8858,15
55,1074,Male,4,Single,16756,31
43,1076,Male,3,Divorced,10798,18
20,1077,Female,1,Single,2323,2
21,1079,Female,1,Single,1416,1
46,1080,Female,2,Divorced,4615,19
51,1081,Male,1,Married,2461,18
28,1082,Male,3,Single,8722,10
26,1083,Male,1,Married,3955,6
30,1084,Male,2,Married,9957,7
41,1085,Female,1,Married,3376,10
38,1088,Female,3,Married,8823,20
40,1092,Male,3,Married,10322,14
27,1094,Male,1,Married,4621,3
55,1096,Male,3,Married,10976,23
28,1097,Female,2,Single,3660,10
44,1098,Male,3,Married,10482,24
33,1099,Male,3,Divorced,7119,9
35,1100,Male,3,Single,9582,9
33,1101,Female,2,Single,4508,14
28,1102,Male,1,Divorced,2207,4
34,1103,Male,2,Single,7756,7
37,1105,Female,2,Divorced,6694,8
25,1106,Male,1,Married,3691,7
26,1107,Male,1,Divorced,2377,1
33,1108,Male,1,Single,2313,5
42,1109,Male,4,Married,17665,23
28,1111,Male,1,Divorced,2596,1
50,1113,Male,2,Single,4728,5
33,1114,Female,2,Married,4302,4
34,1115,Male,1,Married,2979,6
48,1116,Male,4,Single,16885,27
45,1117,Female,2,Married,5593,15
52,1118,Male,3,Single,10445,18
38,1119,Male,3,Divorced,8740,9
29,1120,Female,1,Divorced,2514,11
28,1121,Female,3,Divorced,7655,10
46,1124,Male,4,Married,17465,23
38,1125,Male,3,Single,7351,10
43,1126,Female,3,Married,10820,18
39,1127,Male,4,Divorced,12169,21
40,1128,Male,5,Single,19626,21
21,1131,Female,1,Single,2070,2
39,1132,Male,2,Single,6782,9
36,1133,Male,2,Single,7779,18
31,1135,Male,1,Married,2791,3
28,1136,Male,1,Married,3201,6
35,1137,Male,2,Divorced,4968,5
49,1138,Male,4,Married,13120,22
34,1140,Male,2,Single,4033,5
29,1143,Female,1,Divorced,3291,8
42,1148,Male,2,Single,4272,16
29,1150,Male,2,Married,5056,10
38,1152,Male,1,Married,2844,7
28,1154,Male,1,Divorced,2703,3
18,1156,Male,1,Single,1904,0
33,1157,Female,2,Single,8224,6
41,1158,Male,1,Married,4766,6
31,1160,Male,1,Married,2610,2
37,1161,Female,2,Divorced,5731,9
27,1162,Male,1,Married,2539,4
34,1163,Female,2,Married,5714,6
35,1164,Male,1,Single,4323,6
29,1165,Female,3,Married,7336,11
40,1166,Female,3,Single,13499,20
42,1167,Male,4,Single,13758,22
42,1171,Male,2,Single,5155,9
35,1172,Male,1,Married,2258,10
24,1173,Male,1,Single,3597,6
28,1175,Female,1,Married,2515,1
26,1177,Male,1,Married,4420,8
30,1179,Male,2,Married,6578,10
40,1180,Female,2,Married,4422,16
35,1182,Male,3,Divorced,10274,15
34,1184,Male,2,Single,5343,14
35,1185,Male,1,Married,2376,2
43,1188,Female,2,Single,5346,7
32,1190,Female,1,Divorced,2827,1
56,1191,Female,5,Divorced,19943,28
29,1192,Female,1,Married,3131,10
19,1193,Male,1,Single,2552,1
45,1195,Female,1,Married,4477,7
37,1196,Female,2,Married,6474,14
20,1198,Male,1,Single,3033,2
44,1200,Male,1,Single,2936,6
53,1201,Female,5,Divorced,18606,26
29,1202,Female,1,Married,2168,6
22,1203,Male,1,Married,2853,1
46,1204,Female,4,Married,17048,28
44,1206,Male,1,Single,2290,6
33,1207,Male,1,Married,3600,5
41,1210,Male,1,Divorced,2107,5
30,1211,Male,2,Divorced,4115,8
40,1212,Male,2,Married,4327,5
50,1215,Female,4,Married,17856,32
28,1216,Male,1,Married,3196,6
46,1217,Male,5,Married,19081,25
35,1218,Male,2,Married,8966,15
24,1219,Female,1,Married,2210,1
33,1220,Female,2,Married,4539,10
36,1221,Male,1,Divorced,2741,7
30,1224,Male,2,Divorced,3491,10
44,1225,Male,2,Single,4541,20
20,1226,Male,1,Single,2678,2
46,1228,Male,2,Divorced,7379,12
42,1231,Male,2,Married,6272,10
60,1233,Male,2,Divorced,5220,12
32,1234,Female,1,Married,2743,2
32,1235,Female,2,Single,4998,10
36,1237,Female,3,Divorced,10252,17
33,1238,Male,1,Married,2781,15
40,1239,Female,2,Divorced,6852,7
25,1240,Male,2,Single,4950,5
30,1241,Male,1,Married,3579,12
42,1242,Female,3,Married,13191,20
35,1243,Female,3,Married,10377,16
27,1244,Male,1,Married,2235,9
54,1245,Female,3,Divorced,10502,33
44,1246,Female,1,Married,2011,10
19,1248,Female,1,Single,1859,1
29,1249,Female,1,Divorced,3760,3
54,1250,Male,4,Married,17779,36
31,1251,Male,2,Married,6833,6
31,1252,Female,2,Single,6812,10
59,1254,Female,2,Single,5171,13
43,1255,Male,5,Married,19740,25
49,1256,Male,5,Married,18711,23
36,1257,Male,1,Married,3692,12
48,1258,Male,1,Single,2559,7
27,1259,Male,1,Divorced,2517,5
29,1260,Male,2,Divorced,6623,6
48,1263,Male,5,Single,18265,25
29,1264,Female,4,Divorced,16124,9
34,1265,Female,1,Married,2585,2
44,1267,Male,5,Married,18213,26
33,1268,Male,3,Divorced,8380,10
19,1269,Female,1,Single,2994,1
23,1270,Male,1,Married,1223,1
25,1273,Male,1,Single,1118,1
26,1275,Male,1,Single,2875,8
45,1277,Female,5,Single,18824,26
55,1278,Male,4,Divorced,13577,34
21,1279,Female,1,Single,2625,2
46,1280,Female,5,Married,18789,26
34,1281,Female,2,Single,4538,4
51,1282,Male,5,Divorced,19847,31
59,1283,Male,3,Single,10512,25
34,1285,Female,2,Divorced,4444,15
28,1286,Male,1,Single,2154,5
44,1288,Male,5,Divorced,19190,26
34,1289,Male,2,Married,4490,14
35,1291,Male,1,Married,3506,4
42,1292,Female,2,Married,2372,18
43,1293,Female,3,Single,10231,23
36,1294,Female,2,Single,5410,18
44,1295,Female,3,Married,7978,10
28,1296,Male,1,Married,3867,2
51,1297,Female,1,Single,2838,8
30,1298,Female,2,Single,4695,10
29,1299,Female,1,Divorced,3339,10
28,1301,Male,1,Single,2080,5
25,1303,Female,1,Single,2096,2
32,1304,Male,2,Married,6209,10
45,1306,Female,5,Single,18061,22
39,1307,Female,4,Divorced,17123,21
58,1308,Male,1,Divorced,2372,2
32,1309,Male,2,Married,4883,10
39,1310,Male,1,Single,3904,6
30,1311,Female,2,Married,4627,10
36,1312,Female,3,Married,7094,10
46,1314,Female,1,Single,3423,10
28,1315,Female,2,Married,6674,10
50,1317,Female,4,Married,16880,25
40,1318,Male,3,Single,9094,9
52,1319,Male,3,Single,8446,10
30,1321,Female,3,Married,11916,9
39,1322,Male,2,Single,4534,9
31,1324,Female,3,Divorced,9852,10
41,1329,Male,2,Single,6151,19
31,1331,Female,1,Single,2302,3
44,1333,Male,1,Married,2362,10
42,1334,Male,4,Married,17861,21
55,1336,Female,5,Married,19187,23
56,1338,Male,5,Single,19717,36
40,1340,Male,1,Divorced,3544,6
34,1344,Male,3,Divorced,8500,10
40,1346,Male,2,Single,4661,9
41,1349,Female,2,Divorced,4103,10
35,1350,Male,2,Single,4249,9
51,1352,Male,4,Divorced,14026,33
38,1355,Female,2,Divorced,6893,11
34,1356,Female,2,Single,6125,10
25,1358,Male,1,Married,3669,7
58,1360,Female,3,Married,10008,31
40,1361,Male,1,Married,2387,7
36,1362,Female,2,Married,4639,17
48,1363,Male,3,Single,7898,11
27,1364,Female,1,Married,2534,5
51,1367,Female,4,Single,13142,29
18,1368,Female,1,Single,1611,0
35,1369,Female,2,Married,5363,10
27,1371,Male,2,Single,5071,8
55,1372,Male,4,Single,13695,24
56,1373,Male,4,Married,13402,33
34,1374,Female,1,Divorced,2029,5
40,1375,Female,2,Divorced,6377,15
34,1377,Male,2,Married,5429,10
31,1379,Female,1,Single,2785,3
35,1380,Female,2,Married,4614,5
38,1382,Male,1,Divorced,2610,4
34,1383,Female,2,Single,6687,14
28,1387,Male,2,Married,4724,5
31,1389,Male,2,Married,6179,10
39,1390,Male,2,Married,6120,8
51,1391,Male,3,Married,10596,14
41,1392,Female,2,Divorced,5467,12
37,1394,Male,1,Married,2996,8
33,1395,Male,2,Married,9998,8
32,1396,Male,2,Married,4078,4
39,1397,Male,3,Married,10920,13
25,1399,Male,2,Married,6232,6
52,1401,Female,4,Married,13247,24
43,1402,Female,2,Single,4081,20
27,1403,Female,2,Married,5769,6
27,1405,Female,1,Single,2394,8
26,1407,Male,1,Single,3904,5
42,1408,Female,4,Married,16799,21
52,1409,Female,1,Married,2950,12
37,1411,Female,1,Single,3629,8
35,1412,Male,3,Single,9362,10
25,1415,Male,1,Married,3229,7
26,1417,Male,1,Single,3578,8
29,1419,Male,3,Single,7988,10
49,1420,Male,2,Single,4284,20
29,1421,Female,3,Single,7553,9
54,1422,Female,4,Single,17328,29
58,1423,Female,5,Married,19701,32
55,1424,Male,4,Divorced,14732,31
36,1425,Female,2,Single,9278,15
31,1427,Female,1,Single,1359,1
30,1428,Female,2,Divorced,4779,8
31,1430,Female,4,Single,16422,9
34,1431,Male,1,Divorced,2996,10
31,1433,Female,1,Single,1261,1
27,1434,Male,1,Married,2099,6
36,1435,Male,2,Single,5810,10
36,1436,Female,2,Married,5647,11
47,1438,Male,1,Married,3420,17
25,1439,Male,1,Married,4400,6
37,1440,Male,1,Single,3500,7
56,1441,Female,1,Married,2066,5
47,1443,Female,4,Married,17169,26
24,1445,Female,2,Married,4162,5
32,1446,Male,2,Married,9204,7
34,1447,Female,1,Married,3294,7
41,1448,Male,1,Married,2127,7
40,1449,Male,2,Divorced,3975,11
31,1453,Male,3,Divorced,10793,13
46,1457,Male,3,Divorced,10096,28
39,1458,Female,1,Single,3646,11
31,1459,Female,3,Single,7446,10
45,1460,Male,3,Divorced,10851,24
31,1461,Female,1,Single,2109,8
31,1464,Male,1,Married,3722,7
45,1465,Male,3,Married,9380,10
48,1466,Male,2,Divorced,5486,15
34,1467,Female,1,Married,2742,2
40,1468,Male,3,Divorced,13757,16
28,1469,Male,2,Single,8463,6
44,1471,Male,1,Single,3162,7
53,1472,Male,4,Single,16598,35
49,1473,Male,2,Married,6651,20
40,1474,Male,1,Divorced,2345,8
44,1475,Male,1,Single,3420,6
33,1477,Male,2,Married,4373,5
34,1478,Male,2,Single,4759,15
30,1479,Male,2,Married,5301,4
42,1480,Female,1,Single,3673,12
44,1481,Female,2,Married,4768,11
30,1482,Male,1,Divorced,1274,1
57,1483,Male,2,Married,4900,13
49,1484,Male,3,Divorced,10466,29
34,1485,Male,4,Divorced,17007,16
28,1486,Male,1,Married,2909,5
29,1487,Female,2,Single,5765,7
34,1489,Female,2,Single,4599,16
35,1492,Male,1,Married,2404,1
24,1494,Male,1,Single,3172,4
24,1495,Female,1,Married,2033,1
44,1496,Male,3,Single,10209,16
29,1497,Male,2,Divorced,8620,10
30,1499,Male,1,Divorced,2064,6
55,1501,Male,2,Married,4035,4
33,1502,Female,1,Married,3838,8
47,1503,Female,2,Married,4591,11
28,1504,Male,1,Single,2561,8
28,1506,Male,1,Divorced,1563,1
28,1507,Male,2,Single,4898,5
49,1509,Female,2,Married,4789,10
29,1513,Female,1,Married,3180,4
28,1514,Male,2,Married,6549,8
33,1515,Male,2,Single,6388,14
32,1516,Male,3,Single,11244,10
54,1520,Female,4,Divorced,16032,26
29,1522,Male,1,Single,2362,11
44,1523,Male,4,Married,16328,24
39,1525,Female,3,Single,8376,9
46,1527,Female,4,Married,16606,23
35,1529,Female,3,Single,8606,11
23,1533,Male,2,Single,2272,5
40,1534,Male,1,Single,2018,15
34,1535,Male,3,Married,7083,10
31,1537,Female,1,Single,4084,7
50,1539,Male,4,Single,14411,32
34,1541,Male,1,Married,2308,12
42,1542,Male,1,Married,4841,4
37,1543,Male,2,Married,4285,10
29,1544,Female,2,Married,9715,9
33,1545,Male,2,Single,4320,5
45,1546,Male,1,Married,2132,8
42,1547,Male,3,Married,10124,24
40,1548,Male,2,Married,5473,9
33,1549,Male,2,Married,5207,15
40,1550,Male,4,Single,16437,21
24,1551,Male,1,Divorced,2296,2
40,1552,Male,2,Divorced,4069,8
45,1553,Male,3,Divorced,7441,10
35,1554,Female,1,Married,2430,6
32,1555,Female,2,Married,5878,12
36,1556,Male,1,Single,2644,7
48,1557,Female,2,Divorced,6439,18
29,1558,Male,1,Married,2451,5
33,1560,Male,2,Married,6392,8
30,1562,Male,2,Married,9714,10
38,1563,Male,2,Married,6077,10
35,1564,Male,1,Single,2450,3
30,1568,Male,3,Married,9250,9
35,1569,Female,1,Divorced,2074,1
53,1572,Female,3,Married,10169,34
38,1573,Male,2,Married,4855,7
32,1574,Male,2,Married,4087,9
48,1576,Female,1,Married,2367,10
34,1577,Male,1,Single,2972,1
55,1578,Male,5,Married,19586,36
34,1580,Male,2,Married,5484,9
26,1581,Female,1,Married,2061,1
38,1582,Male,2,Married,9924,10
38,1583,Female,2,Single,4198,8
36,1585,Female,2,Single,6815,15
29,1586,Male,1,Single,4723,10
35,1587,Female,2,Single,6142,10
39,1588,Male,3,Married,8237,11
29,1590,Male,2,Divorced,8853,6
50,1591,Male,5,Married,19331,27
23,1592,Male,1,Married,2073,4
36,1594,Male,2,Married,5562,9
42,1595,Male,5,Single,19613,24
35,1596,Male,2,Married,3407,10
34,1597,Male,2,Married,5063,8
40,1598,Female,2,Married,4639,5
43,1599,Male,1,Divorced,4876,8
35,1601,Male,1,Married,2690,1
46,1602,Male,4,Single,17567,27
28,1604,Male,1,Married,2408,1
22,1605,Female,1,Married,2814,4
50,1606,Male,4,Married,11245,32
32,1607,Female,1,Married,3312,6
44,1608,Female,5,Divorced,19049,23
30,1609,Male,1,Married,2141,6
45,1611,Female,2,Single,5769,10
45,1612,Male,2,Married,4385,10
31,1613,Male,2,Single,5332,10
36,1614,Female,2,Married,4663,7
34,1615,Male,2,Divorced,4724,9
49,1617,Female,1,Married,3211,10
39,1618,Male,2,Married,5377,10
27,1619,Male,1,Divorced,4066,7
35,1621,Male,2,Married,5208,16
28,1622,Female,2,Divorced,4877,6
21,1623,Male,1,Single,3117,3
18,1624,Female,1,Single,1569,0
47,1625,Female,5,Married,19658,27
39,1627,Male,2,Divorced,3069,11
40,1628,Female,3,Married,10435,18
35,1630,Female,2,Married,4148,15
37,1631,Male,2,Married,5768,9
39,1633,Female,2,Single,5042,10
45,1635,Female,2,Divorced,5770,10
38,1638,Female,3,Married,7756,10
35,1639,Male,3,Married,10306,15
37,1640,Female,1,Married,3936,8
40,1641,Female,3,Single,7945,18
44,1642,Male,2,Married,5743,14
48,1644,Male,4,Married,15202,23
35,1645,Male,2,Divorced,5440,7
24,1646,Female,1,Single,3760,6
27,1647,Female,1,Married,3517,5
27,1648,Male,1,Single,2580,6
40,1649,Male,1,Single,2166,10
29,1650,Male,2,Single,5869,8
36,1651,Female,3,Married,8008,9
25,1653,Male,2,Divorced,5206,7
39,1654,Male,2,Married,5295,7
49,1655,Female,4,Married,16413,27
50,1656,Female,3,Divorced,13269,19
20,1657,Female,1,Single,2783,2
34,1658,Female,2,Divorced,5433,11
36,1659,Male,1,Single,2013,15
49,1661,Female,4,Married,13966,30
36,1662,Female,2,Married,4374,4
36,1664,Male,2,Divorced,6842,13
54,1665,Female,4,Married,17426,36
43,1666,Male,4,Married,17603,14
35,1667,Male,2,Single,4581,13
38,1668,Male,2,Married,4735,19
29,1669,Male,2,Divorced,4187,10
33,1670,Male,2,Divorced,5505,6
32,1671,Male,2,Divorced,5470,10
31,1673,Female,2,Married,5476,10
49,1674,Female,1,Divorced,2587,17
38,1675,Female,1,Single,2440,4
47,1676,Female,4,Divorced,15972,29
49,1677,Male,4,Single,15379,23
41,1678,Male,3,Single,7082,21
20,1680,Male,1,Single,2728,2
33,1681,Female,2,Divorced,5368,7
36,1682,Male,2,Married,5347,10
44,1683,Female,1,Divorced,3195,8
23,1684,Male,1,Single,3989,5
38,1687,Female,1,Married,3306,7
53,1689,Male,3,Married,7005,11
48,1691,Female,1,Married,2655,19
32,1692,Male,1,Single,1393,1
26,1693,Male,1,Single,2570,7
55,1694,Male,1,Divorced,3537,8
34,1696,Male,2,Married,3986,15
60,1697,Male,3,Divorced,10883,19
33,1698,Male,1,Married,2028,14
37,1700,Male,2,Divorced,9525,6
34,1701,Female,1,Married,2929,10
23,1702,Male,1,Divorced,2275,3
44,1703,Female,3,Married,7879,9
35,1704,Male,1,Single,4930,6
43,1706,Male,2,Married,7847,10
24,1707,Male,1,Married,4401,5
41,1708,Male,3,Single,9241,10
29,1709,Female,1,Married,2974,9
36,1710,Female,2,Single,4502,17
45,1712,Male,3,Married,10748,25
24,1714,Male,1,Married,1555,1
47,1716,Male,4,Married,12936,25
26,1718,Male,1,Married,2305,3
45,1719,Female,4,Single,16704,21
32,1720,Male,1,Married,3433,10
31,1721,Male,1,Married,3477,6
41,1722,Male,2,Married,6430,10
40,1724,Female,2,Married,6516,18
24,1725,Male,1,Divorced,3907,6
46,1727,Male,2,Single,5562,19
35,1728,Male,2,Married,6883,17
30,1729,Male,1,Married,2862,10
47,1731,Male,2,Married,4978,4
46,1732,Male,3,Divorced,10368,13
36,1733,Male,2,Divorced,6134,16
32,1734,Male,2,Single,6735,10
23,1735,Female,1,Single,3295,3
31,1736,Female,2,Single,5238,9
39,1737,Male,2,Married,6472,9
32,1739,Male,3,Married,9610,10
40,1740,Male,5,Single,19833,21
45,1744,Female,3,Married,9756,9
30,1745,Female,1,Single,4968,10
24,1746,Male,1,Married,2145,3
30,1747,Female,1,Divorced,2180,6
31,1749,Male,2,Married,8346,6
27,1751,Female,1,Single,3445,6
29,1752,Female,1,Single,2760,2
29,1753,Male,2,Single,6294,10
30,1754,Male,3,Divorced,7140,12
34,1755,Male,1,Married,2932,6
33,1756,Female,2,Single,5147,13
49,1757,Female,2,Single,4507,8
33,1758,Female,3,Single,8564,11
38,1760,Female,1,Married,2468,9
31,1761,Male,3,Married,8161,10
29,1762,Female,1,Divorced,2109,1
30,1763,Male,2,Married,5294,10
32,1764,Male,1,Single,2718,12
38,1766,Male,2,Married,5811,15
43,1767,Male,1,Married,2437,6
42,1768,Male,1,Divorced,2766,7
55,1770,Male,5,Married,19038,34
33,1771,Male,2,Divorced,3055,11
41,1772,Male,1,Divorced,2289,5
34,1774,Male,2,Divorced,4001,15
53,1775,Female,4,Married,12965,27
43,1778,Male,1,Single,3539,10
34,1779,Female,2,Single,6029,6
21,1780,Male,1,Single,2679,1
38,1782,Female,1,Married,3702,5
22,1783,Female,1,Married,2398,1
31,1784,Female,2,Married,5468,13
51,1786,Female,3,Married,13116,15
37,1787,Male,2,Married,4189,5
46,1789,Male,5,Divorced,19328,24
36,1790,Male,3,Married,8321,15
44,1792,Male,1,Divorced,2342,6
37,1794,Male,2,Divorced,4071,19
35,1797,Male,2,Single,5813,10
33,1798,Male,1,Married,3143,14
28,1799,Male,1,Married,2044,5
39,1800,Male,3,Single,13464,9
46,1801,Male,2,Single,7991,6
40,1802,Female,1,Married,3377,7
42,1803,Male,2,Married,5538,10
35,1804,Male,2,Divorced,5762,15
38,1805,Male,1,Divorced,2592,13
34,1807,Male,2,Married,5346,11
37,1809,Male,2,Single,4213,10
39,1812,Male,2,Divorced,4127,7
43,1813,Male,1,Single,2438,7
41,1814,Male,2,Single,6870,11
41,1815,Female,3,Divorced,10447,23
30,1816,Female,3,Single,9667,9
26,1818,Female,1,Married,2148,6
46,1821,Female,2,Married,8926,13
40,1822,Female,2,Divorced,6513,12
34,1823,Male,2,Married,6799,10
58,1824,Male,4,Divorced,16291,37
35,1826,Male,1,Married,2705,6
47,1827,Female,3,Divorced,10333,28
40,1829,Female,2,Divorced,4448,15
54,1830,Female,2,Married,6854,14
31,1833,Female,3,Married,9637,9
28,1834,Female,1,Married,3591,3
38,1835,Female,2,Married,5405,20
26,1836,Male,2,Single,4684,5
58,1837,Male,4,Married,15787,23
18,1839,Female,1,Single,1514,0
31,1842,Male,1,Married,2956,2
29,1844,Male,1,Divorced,2335,4
45,1845,Female,2,Married,5154,10
36,1847,Female,2,Married,6962,15
43,1849,Male,2,Married,5675,7
27,1850,Female,1,Single,2379,6
29,1852,Male,1,Married,3812,11
32,1853,Male,2,Single,4648,4
42,1854,Male,1,Married,2936,10
47,1856,Female,1,Single,2105,7
46,1857,Male,3,Divorced,8578,12
28,1858,Male,1,Divorced,2706,3
29,1859,Male,2,Divorced,6384,11
42,1860,Male,1,Single,3968,8
32,1862,Male,2,Single,9907,7
46,1863,Female,4,Divorced,13225,25
27,1864,Female,2,Married,3540,9
29,1865,Male,1,Married,2804,1
43,1866,Female,5,Married,19392,21
48,1867,Male,5,Married,19665,29
29,1868,Male,1,Single,2439,1
46,1869,Female,3,Married,7314,14
27,1870,Female,1,Married,4774,8
39,1871,Male,2,Divorced,3902,7
55,1873,Male,1,Married,2662,19
28,1875,Female,1,Married,2856,1
30,1876,Male,1,Single,1081,1
22,1878,Male,1,Single,2472,1
36,1880,Female,2,Married,5673,10
31,1881,Male,2,Divorced,4197,10
34,1882,Male,3,Married,9713,9
29,1883,Male,1,Single,2062,11
37,1885,Male,2,Married,4284,16
35,1886,Female,2,Married,4788,4
45,1888,Female,2,Married,5906,10
36,1890,Male,2,Single,3886,10
40,1892,Male,4,Divorced,16823,22
26,1893,Female,1,Married,2933,1
27,1898,Female,2,Single,6500,9
48,1900,Female,4,Divorced,17174,24
44,1903,Male,2,Married,5033,10
34,1905,Male,1,Married,2307,5
56,1907,Male,1,Single,2587,5
36,1908,Male,2,Married,5507,12
41,1909,Female,2,Married,4393,14
42,1911,Male,3,Married,13348,18
31,1912,Female,2,Divorced,6583,8
34,1915,Female,2,Married,8103,9
31,1916,Female,1,Divorced,3978,4
26,1918,Male,1,Married,2544,8
45,1922,Male,2,Single,5399,12
33,1924,Male,2,Single,5487,10
28,1927,Male,2,Married,6834,7
29,1928,Male,1,Single,1091,1
39,1929,Female,2,Married,5736,10
27,1931,Male,1,Married,2226,6
34,1932,Male,2,Married,5747,16
28,1933,Female,2,Single,9854,6
47,1934,Male,2,Married,5467,16
56,1935,Female,2,Married,5380,6
39,1936,Male,2,Married,5151,10
38,1937,Female,2,Divorced,2133,20
58,1938,Female,4,Married,17875,29
32,1939,Female,1,Single,2432,8
38,1940,Male,1,Divorced,4771,10
49,1941,Male,5,Married,19161,28
42,1943,Male,2,Divorced,5087,14
27,1944,Female,1,Married,2863,1
35,1945,Male,2,Married,5561,6
28,1947,Male,1,Single,2144,5
31,1948,Male,1,Divorced,3065,4
36,1949,Male,1,Married,2810,5
34,1950,Male,3,Single,9888,14
34,1951,Male,3,Divorced,8628,9
26,1952,Male,1,Single,2867,8
29,1954,Male,2,Married,5373,6
32,1955,Female,2,Divorced,6667,9
31,1956,Male,2,Married,5003,10
28,1960,Male,1,Divorced,2367,6
38,1961,Male,1,Single,2858,20
35,1962,Female,2,Married,5204,10
27,1965,Male,2,Single,4105,7
32,1966,Male,2,Single,9679,8
31,1967,Male,2,Married,5617,10
53,1968,Male,3,Single,10448,15
54,1969,Female,2,Married,2897,9
33,1970,Male,2,Divorced,5968,9
43,1971,Male,3,Married,7510,10
38,1972,Male,1,Married,2991,7
55,1973,Male,5,Married,19636,35
31,1974,Female,1,Divorced,1129,1
39,1975,Male,4,Single,13341,21
42,1976,Male,2,Single,4332,20
31,1979,Female,3,Married,11031,13
54,1980,Female,2,Single,4440,9
24,1981,Male,2,Single,4617,4
23,1982,Male,1,Single,2647,5
40,1985,Female,2,Married,6323,10
40,1986,Female,2,Married,5677,15
25,1987,Female,1,Married,2187,6
30,1989,Male,1,Married,3748,12
25,1992,Male,1,Divorced,3977,7
47,1993,Male,3,Single,8633,25
33,1994,Male,1,Divorced,2008,1
38,1995,Male,2,Married,4440,16
31,1996,Male,1,Married,3067,3
38,1997,Male,2,Married,5321,10
42,1998,Male,2,Divorced,5410,9
41,1999,Male,1,Married,2782,12
47,2000,Female,3,Married,11957,14
35,2003,Male,1,Married,2660,5
22,2007,Male,1,Single,3375,4
35,2008,Male,2,Single,5098,10
33,2009,Female,2,Married,4878,10
32,2010,Female,1,Single,2837,6
40,2012,Male,1,Married,2406,8
32,2013,Male,1,Married,2269,3
39,2014,Male,2,Single,4108,18
38,2015,Female,3,Married,13206,20
32,2016,Female,3,Married,10422,14
37,2017,Female,3,Married,13744,16
25,2018,Female,2,Divorced,4907,6
52,2019,Male,1,Divorced,3482,16
44,2020,Male,1,Single,2436,6
21,2021,Male,1,Single,2380,2
39,2022,Male,5,Single,19431,21
23,2023,Male,1,Married,1790,1
36,2024,Female,3,Married,7644,10
36,2025,Female,2,Divorced,5131,18
56,2026,Male,2,Divorced,6306,13
29,2027,Male,1,Married,4787,4
42,2031,Male,5,Married,18880,24
56,2032,Male,1,Married,2339,14
41,2034,Female,4,Married,13570,21
34,2035,Female,2,Married,6712,8
36,2036,Male,2,Divorced,5406,15
41,2037,Male,2,Divorced,8938,14
32,2038,Male,1,Single,2439,4
35,2040,Female,3,Single,8837,9
38,2041,Female,2,Married,5343,10
50,2044,Male,2,Divorced,6728,12
36,2045,Female,2,Married,6652,8
45,2046,Female,2,Single,4850,8
40,2048,Male,1,Single,2809,8
35,2049,Male,2,Married,5689,10
40,2051,Female,1,Married,2001,20
35,2052,Female,1,Married,2977,4
29,2053,Male,2,Married,4025,10
29,2054,Female,1,Single,3785,5
50,2055,Male,3,Divorced,10854,20
39,2056,Female,4,Married,12031,21
31,2057,Male,2,Single,9936,10
26,2060,Female,1,Single,2966,5
36,2061,Male,2,Married,2571,17
39,2062,Male,3,Married,9991,9
27,2064,Male,2,Married,6142,6
49,2065,Male,2,Married,5390,17
34,2068,Male,2,Married,4404,6